"Date","SOS","EOS","LOS","POP","PEAK","POT","MGS","TROUGH","MSP","MAU"
2001,NA,NA,NA,NA,NA,NA,NA,NA,NA,NA
2002,NA,NA,NA,NA,NA,NA,NA,NA,NA,NA
2003,NA,NA,NA,NA,NA,NA,NA,NA,NA,NA
2004,95.5,NA,NA,124,0.286154186189508,38,0.272779909573009,0.0554,0.272779909573009,NA
2005,NA,NA,NA,NA,NA,NA,NA,NA,NA,NA
2006,NA,NA,NA,NA,NA,NA,NA,NA,NA,NA
2007,133,285.5,152.5,238,0.39262611638735,18.5,0.316694799393452,0.0554,0.316694799393452,0.223299212409867
2008,131,302.5,171.5,230,0.347065112079838,18.5,0.270852462577317,0.0554,0.270852462577317,0.200615763944063
2009,121,325,204,193,0.279748509301285,12.5,0.235171704415923,0.0554,0.235171704415923,0.16761416322169
2010,NA,NA,NA,NA,NA,NA,NA,NA,NA,NA
2011,NA,NA,NA,NA,NA,NA,NA,NA,NA,NA
2012,NA,NA,NA,NA,NA,NA,NA,NA,NA,NA
2013,NA,NA,NA,NA,NA,NA,NA,NA,NA,NA
2014,NA,NA,NA,NA,NA,NA,NA,NA,NA,NA
2015,NA,NA,NA,NA,NA,NA,NA,NA,NA,NA
2016,NA,NA,NA,NA,NA,NA,NA,NA,NA,NA
