"Date","SOS","EOS","LOS","POP","PEAK","POT","MGS","TROUGH","MSP","MAU"
2001,136,281.5,145.5,206,0.364355476319415,NA,0.301495275361723,0.018,0.301495275361723,0.193689588309646
2002,NA,NA,NA,NA,NA,NA,NA,NA,NA,NA
2003,NA,NA,NA,NA,NA,NA,NA,NA,NA,NA
2004,NA,NA,NA,NA,NA,NA,NA,NA,NA,NA
2005,NA,NA,NA,NA,NA,NA,NA,NA,NA,NA
2006,NA,NA,NA,NA,NA,NA,NA,NA,NA,NA
2007,NA,NA,NA,NA,NA,NA,NA,NA,NA,NA
2008,NA,NA,NA,NA,NA,NA,NA,NA,NA,NA
2009,NA,NA,NA,NA,NA,NA,NA,NA,NA,NA
2010,NA,NA,NA,NA,NA,NA,NA,NA,NA,NA
2011,NA,NA,NA,NA,NA,NA,NA,NA,NA,NA
2012,NA,NA,NA,NA,NA,NA,NA,NA,NA,NA
2013,126,281.5,155.5,201,0.332600232293213,50.5,0.274406905015388,0.018,0.274406905015388,0.176352225827949
2014,125.5,284.5,159,205,0.31464694828603,49,0.261325684967138,0.018,0.261325684967138,0.168588444942505
2015,NA,NA,NA,NA,NA,NA,NA,NA,NA,NA
2016,NA,NA,NA,NA,NA,NA,NA,NA,NA,NA
