"Date","SOS","EOS","LOS","POP","PEAK","POT","MGS","TROUGH","MSP","MAU"
2001,NA,NA,NA,NA,NA,NA,NA,NA,NA,NA
2002,NA,NA,NA,NA,NA,NA,NA,NA,NA,NA
2003,NA,NA,NA,NA,NA,NA,NA,NA,NA,NA
2004,NA,NA,NA,NA,NA,NA,NA,NA,NA,NA
2005,NA,NA,NA,NA,NA,NA,NA,NA,NA,NA
2006,NA,NA,NA,NA,NA,NA,NA,NA,NA,NA
2007,NA,NA,NA,NA,NA,NA,NA,NA,NA,NA
2008,NA,NA,NA,NA,NA,NA,NA,NA,NA,NA
2009,127,293.5,166.5,211,0.566072502353517,0,0.491782211648782,0.164298130957525,0.491782211648782,0.366864818577922
2010,NA,NA,NA,NA,NA,NA,NA,NA,NA,NA
2011,NA,NA,NA,NA,NA,NA,NA,NA,NA,NA
2012,NA,NA,NA,NA,NA,NA,NA,NA,NA,NA
2013,NA,NA,NA,NA,NA,NA,NA,NA,NA,NA
2014,NA,NA,NA,NA,NA,NA,NA,NA,NA,NA
2015,NA,NA,NA,NA,NA,NA,NA,NA,NA,NA
2016,NA,NA,NA,NA,NA,NA,NA,NA,NA,NA
