"Date","SOS","EOS","LOS","POP","PEAK","POT","MGS","TROUGH","MSP","MAU"
2001,NA,NA,NA,NA,NA,NA,NA,NA,NA,NA
2002,NA,NA,NA,NA,NA,NA,NA,NA,NA,NA
2003,NA,NA,NA,NA,NA,NA,NA,NA,NA,NA
2004,NA,NA,NA,NA,NA,NA,NA,NA,NA,NA
2005,NA,NA,NA,NA,NA,NA,NA,NA,NA,NA
2006,NA,NA,NA,NA,NA,NA,NA,NA,NA,NA
2007,52.5,269,216.5,162,0.177301093045589,0,0.155379602499005,0.0554968952633901,0.155379602499005,0.116317295932684
2008,NA,NA,NA,NA,NA,NA,NA,NA,NA,NA
2009,NA,NA,NA,NA,NA,NA,NA,NA,NA,NA
2010,NA,NA,NA,NA,NA,NA,NA,NA,NA,NA
2011,NA,NA,NA,NA,NA,NA,NA,NA,NA,NA
2012,NA,NA,NA,NA,NA,NA,NA,NA,NA,NA
2013,NA,NA,NA,NA,NA,NA,NA,NA,NA,NA
2014,NA,NA,NA,NA,NA,NA,NA,NA,NA,NA
2015,NA,NA,NA,NA,NA,NA,NA,NA,NA,NA
2016,NA,NA,NA,NA,NA,NA,NA,NA,NA,NA
